Column2,Column3,Column4,Column5,Column6,Column7,Column8,Column9,Column10,Column11,Column12,Column13,Column14,Column15,Column16,Column17,Column18,Column19,Column20,Column21,Column22,Column23,Column24,Column25,Column26,Column27,Column28,Column29,Column30,Column31,Column32,Column33,Column34,Column35,Column36,Column37,Column38,Column39,Column40,Column41,Column42,Column43,Column44,Column45,Column46,Column47,Column48,Column49,Column50,Column51,Column52,Column53,Column54,Column55,Column56,Column57,Column58,Column59,Column60,Column61,Column62,Column63,Column64,Column65,Column66,Column67,Column68,Column69,Column70,Column71,Column72,Column73,Column74,Column75
1,6065500,0.163744,0.092259,0.0048139,0.0766675,0.0155915,0,0,0,0,0,0,0,0,0,0,0,0,0,0,0,0,0,0,0,0,0,0,0,0,0,0,0,0,0,0,0,0,0,0,0,0,0,0,0,0,0,0,0,0,0,0,0,0,0,0,0,0,0,0,0,0,0,0,0,0,0,0,0,0,0,0,0
2,3679000,0.210209,0.144527,0.00352535,0,0.120011,0.0245161,0,0,0,0,0,0,0,0,0,0,0,0,0,0,0,0,0,0,0,0,0,0,0,0,0,0,0,0,0,0,0,0,0,0,0,0,0,0,0,0,0,0,0,0,0,0,0,0,0,0,0,0,0,0,0,0,0,0,0,0,0,0,0,0,0,0
3,2231000,0.200157,0.132415,0.00391703,0,0,0.109976,0.0224391,0,0,0,0,0,0,0,0,0,0,0,0,0,0,0,0,0,0,0,0,0,0,0,0,0,0,0,0,0,0,0,0,0,0,0,0,0,0,0,0,0,0,0,0,0,0,0,0,0,0,0,0,0,0,0,0,0,0,0,0,0,0,0,0,0
4,1353000,0.201975,0.134838,0.00402441,0,0,0,0.11192,0.0229183,0,0,0,0,0,0,0,0,0,0,0,0,0,0,0,0,0,0,0,0,0,0,0,0,0,0,0,0,0,0,0,0,0,0,0,0,0,0,0,0,0,0,0,0,0,0,0,0,0,0,0,0,0,0,0,0,0,0,0,0,0,0,0,0
5,821000,0.278976,0.224075,0.0037807,0,0,0,0,0.185785,0.03829,0,0,0,0,0,0,0,0,0,0,0,0,0,0,0,0,0,0,0,0,0,0,0,0,0,0,0,0,0,0,0,0,0,0,0,0,0,0,0,0,0,0,0,0,0,0,0,0,0,0,0,0,0,0,0,0,0,0,0,0,0,0,0
6,500000,0.254573,0.215354,0.00357838,0,0,0,0,0,0.178455,0.0368991,0,0,0,0,0,0,0,0,0,0,0,0,0,0,0,0,0,0,0,0,0,0,0,0,0,0,0,0,0,0,0,0,0,0,0,0,0,0,0,0,0,0,0,0,0,0,0,0,0,0,0,0,0,0,0,0,0,0,0,0,0,0
7,302500,0.413133,0.381781,0.00380745,0,0,0,0,0,0,0.316959,0.0648221,0,0,0,0,0,0,0,0,0,0,0,0,0,0,0,0,0,0,0,0,0,0,0,0,0,0,0,0,0,0,0,0,0,0,0,0,0,0,0,0,0,0,0,0,0,0,0,0,0,0,0,0,0,0,0,0,0,0,0,0,0
8,183000,0.312614,0.287879,0.00413108,0,0,0,0,0,0,0,0.239323,0.0485554,0,0,0,0,0,0,0,0,0,0,0,0,0,0,0,0,0,0,0,0,0,0,0,0,0,0,0,0,0,0,0,0,0,0,0,0,0,0,0,0,0,0,0,0,0,0,0,0,0,0,0,0,0,0,0,0,0,0,0,0
9,111000,0.335981,0.317581,0.00462654,0,0,0,0,0,0,0,0,0.263779,0.0538025,0,0,0,0,0,0,0,0,0,0,0,0,0,0,0,0,0,0,0,0,0,0,0,0,0,0,0,0,0,0,0,0,0,0,0,0,0,0,0,0,0,0,0,0,0,0,0,0,0,0,0,0,0,0,0,0,0,0,0
10,67340,0.353792,0.341037,0.00513923,0,0,0,0,0,0,0,0,0,0.283267,0.0577691,0,0,0,0,0,0,0,0,0,0,0,0,0,0,0,0,0,0,0,0,0,0,0,0,0,0,0,0,0,0,0,0,0,0,0,0,0,0,0,0,0,0,0,0,0,0,0,0,0,0,0,0,0,0,0,0,0,0
11,40850,0.37153,0.362363,0.00581116,0,0,0,0,0,0,0,0,0,0,0.301019,0.0613447,0,0,0,0,0,0,0,0,0,0,0,0,0,0,0,0,0,0,0,0,0,0,0,0,0,0,0,0,0,0,0,0,0,0,0,0,0,0,0,0,0,0,0,0,0,0,0,0,0,0,0,0,0,0,0,0,0
12,24780,0.387433,0.37788,0.00648547,0,0,0,0,0,0,0,0,0,0,0,0.313932,0.0639483,0,0,0,0,0,0,0,0,0,0,0,0,0,0,0,0,0,0,0,0,0,0,0,0,0,0,0,0,0,0,0,0,0,0,0,0,0,0,0,0,0,0,0,0,0,0,0,0,0,0,0,0,0,0,0,0
13,15030,0.398671,0.387219,0.00745577,0,0,0,0,0,0,0,0,0,0,0,0,0.321718,0.0655015,0,0,0,0,0,0,0,0,0,0,0,0,0,0,0,0,0,0,0,0,0,0,0,0,0,0,0,0,0,0,0,0,0,0,0,0,0,0,0,0,0,0,0,0,0,0,0,0,0,0,0,0,0,0,0
14,9118,0.398924,0.385225,0.00919184,0,0,0,0,0,0,0,0,0,0,0,0,0,0.320029,0.0651956,0,0,0,0,0,0,0,0,0,0,0,0,0,0,0,0,0,0,0,0,0,0,0,0,0,0,0,0,0,0,0,0,0,0,0,0,0,0,0,0,0,0,0,0,0,0,0,0,0,0,0,0,0,0
15,5530,0.408575,0.392836,0.0105955,0,0,0,0,0,0,0,0,0,0,0,0,0,0,0.326399,0.0664369,0,0,0,0,0,0,0,0,0,0,0,0,0,0,0,0,0,0,0,0,0,0,0,0,0,0,0,0,0,0,0,0,0,0,0,0,0,0,0,0,0,0,0,0,0,0,0,0,0,0,0,0,0
16,3519.1,0.418752,0.401434,0.0137252,0,0,0,0,0,0,0,0,0,0,0,0,0,0,0,0.326364,0.0750693,0,0,0,0,0,0,0,0,0,0,0,0,0,0,0,0,0,0,0,0,0,0,0,0,0,0,0,0,0,0,0,0,0,0,0,0,0,0,0,0,0,0,0,0,0,0,0,0,0,0,0,0
17,2239.5,0.442931,0.420815,0.0171018,0,0,0,0,0,0,0,0,0,0,0,0,0,0,0,0,0.342151,0.0786644,0,0,0,0,0,0,0,0,0,0,0,0,0,0,0,0,0,0,0,0,0,0,0,0,0,0,0,0,0,0,0,0,0,0,0,0,0,0,0,0,0,0,0,0,0,0,0,0,0,0,0
18,1425.1,0.426478,0.404263,0.019619,0,0,0,0,0,0,0,0,0,0,0,0,0,0,0,0,0,0.328673,0.0755896,0,0,0,0,0,0,0,0,0,0,0,0,0,0,0,0,0,0,0,0,0,0,0,0,0,0,0,0,0,0,0,0,0,0,0,0,0,0,0,0,0,0,0,0,0,0,0,0,0,0
19,906.9,0.430428,0.40072,0.0254864,0,0,0,0,0,0,0,0,0,0,0,0,0,0,0,0,0,0,0.325778,0.0749414,0,0,0,0,0,0,0,0,0,0,0,0,0,0,0,0,0,0,0,0,0,0,0,0,0,0,0,0,0,0,0,0,0,0,0,0,0,0,0,0,0,0,0,0,0,0,0,0,0
20,367.26,0.406785,0.369589,0.0386626,0,0,0,0,0,0,0,0,0,0,0,0,0,0,0,0,0,0,0,0.334928,0.0346609,0,0,0,0,0,0,0,0,0,0,0,0,0,0,0,0,0,0,0,0,0,0,0,0,0,0,0,0,0,0,0,0,0,0,0,0,0,0,0,0,0,0,0,0,0,0,0,0
21,148.73,0.461529,0.412472,0.0595966,0,0,0,0,0,0,0,0,0,0,0,0,0,0,0,0,0,0,0,0,0.373839,0.0386328,0,0,0,0,0,0,0,0,0,0,0,0,0,0,0,0,0,0,0,0,0,0,0,0,0,0,0,0,0,0,0,0,0,0,0,0,0,0,0,0,0,0,0,0,0,0,0
22,75.501,0.472558,0.400621,0.0715226,0,0,0,0,0,0,0,0,0,0,0,0,0,0,0,0,0,0,0,0,0,0.350609,0.0500119,0,0,0,0,0,0,0,0,0,0,0,0,0,0,0,0,0,0,0,0,0,0,0,0,0,0,0,0,0,0,0,0,0,0,0,0,0,0,0,0,0,0,0,0,0,0
23,48.052,0.459065,0.376314,0.125323,0,0,0,0,0,0,0,0,0,0,0,0,0,0,0,0,0,0,0,0,0,0,0.305875,0.070438,0,0,0,0,0,0,0,0,0,0,0,0,0,0,0,0,0,0,0,0,0,0,0,0,0,0,0,0,0,0,0,0,0,0,0,0,0,0,0,0,0,0,0,0,0
24,27.7,0.587892,0.451711,0.125817,0,0,0,0,0,0,0,0,0,0,0,0,0,0,0,0,0,0,0,0,0,0,0,0.382429,0.0692803,0,0,0,0,0,0,0,0,0,0,0,0,0,0,0,0,0,0,0,0,0,0,0,0,0,0,0,0,0,0,0,0,0,0,0,0,0,0,0,0,0,0,0,0
25,15.968,0.521528,0.349131,0.143871,0,0,0,0,0,0,0,0,0,0,0,0,0,0,0,0,0,0,0,0,0,0,0,0,0.295436,0.0536938,0,0,0,0,0,0,0,0,0,0,0,0,0,0,0,0,0,0,0,0,0,0,0,0,0,0,0,0,0,0,0,0,0,0,0,0,0,0,0,0,0,0,0
26,9.877,0.357271,0.298018,0.113913,0,0,0,0,0,0,0,0,0,0,0,0,0,0,0,0,0,0,0,0,0,0,0,0,0,0.245387,0.052631,0,0,0,0,0,0,0,0,0,0,0,0,0,0,0,0,0,0,0,0,0,0,0,0,0,0,0,0,0,0,0,0,0,0,0,0,0,0,0,0,0,0
27,4,0.509559,0.311511,0.115428,0,0,0,0,0,0,0,0,0,0,0,0,0,0,0,0,0,0,0,0,0,0,0,0,0,0,0.282226,0.0277796,0.00150517,0,0,0,0,0,0,0,0,0,0,0,0,0,0,0,0,0,0,0,0,0,0,0,0,0,0,0,0,0,0,0,0,0,0,0,0,0,0,0,0
28,3.3,0.330714,0.301941,0.0597388,0,0,0,0,0,0,0,0,0,0,0,0,0,0,0,0,0,0,0,0,0,0,0,0,0,0,0,0.0639405,0.22032,0.017662,1.81783E-05,1.72726E-15,0,0,0,0,0,0,0,0,0,0,0,0,0,0,0,0,0,0,0,0,0,0,0,0,0,0,0,0,0,0,0,0,0,0,0,0,0
29,2.6,0.322511,0.305666,0.0265721,0,0,0,0,0,0,0,0,0,0,0,0,0,0,0,0,0,0,0,0,0,0,0,0,0,0,0,2.57379E-13,0.0732822,0.204041,0.0283421,7.488E-07,2.55665E-10,6.18283E-14,1.14293E-14,2.12073E-15,3.69821E-16,5.31107E-17,1.3918E-17,0,0,0,0,0,0,0,0,0,0,0,0,0,0,0,0,0,0,0,0,0,0,0,0,0,0,0,0,0,0
30,2.1,0.334231,0.308059,0.0441291,0,0,0,0,0,0,0,0,0,0,0,0,0,0,0,0,0,0,0,0,0,0,0,0,0,0,0,5.02163E-23,6.37582E-10,0.0821443,0.223199,0.00266837,4.68818E-05,2.61624E-07,8.95697E-08,3.05528E-08,9.75966E-09,2.85474E-09,8.18351E-10,2.3608E-10,6.11557E-11,2.16073E-11,1.95196E-12,3.26365E-14,1.35351E-16,0,0,0,0,0,0,0,0,0,0,0,0,0,0,0,0,0,0,0,0,0,0,0,0
31,1.5,0.333295,0.310355,0.0494394,0,0,0,0,0,0,0,0,0,0,0,0,0,0,0,0,0,0,0,0,0,0,0,0,0,0,0,0,5.82216E-21,1.49819E-11,0.0972457,0.148402,0.0506559,0.00453078,0.00323801,0.00231193,0.00157468,0.000988914,0.000600573,0.000365479,0.000198131,0.000169249,6.37326E-05,9.96571E-06,0,1.15006E-10,3.17778E-15,0,0,0,0,0,0,0,0,0,0,0,0,0,0,0,0,0,0,0,0,0,0
32,1.3,0.34388,0.311187,0.0721153,0,0,0,0,0,0,0,0,0,0,0,0,0,0,0,0,0,0,0,0,0,0,0,0,0,0,0,0,0,8.08738E-17,6.21843E-05,0.104119,0.130851,0.0145984,0.0127046,0.0111921,0.0095555,0.00760157,0.00586793,0.00456528,0.00316693,0.00373883,0.002403,0.000668591,9.14374E-05,2.04316E-07,4.21154E-11,3.09053E-15,7.50225E-18,0,0,0,0,0,0,0,0,0,0,0,0,0,0,0,0,0,0,0,0
33,1.15,0.407801,0.311783,0.269384,0,0,0,0,0,0,0,0,0,0,0,0,0,0,0,0,0,0,0,0,0,0,0,0,0,0,0,0,0,6.53543E-21,6.32188E-08,0.000389733,0.109733,0.0448632,0.0262449,0.0200172,0.0180346,0.0161577,0.0142862,0.0128814,0.0104278,0.0153225,0.0144138,0.00697865,0.00202169,1.06606E-05,2.2369E-08,7.28987E-12,3.98284E-14,1.05265E-15,7.26517E-17,9.1236E-18,0,0,0,0,0,0,0,0,0,0,0,0,0,0,0,0,0
34,1.123,0.425671,0.311791,0.339741,0,0,0,0,0,0,0,0,0,0,0,0,0,0,0,0,0,0,0,0,0,0,0,0,0,0,0,0,0,0,3.05304E-09,2.34765E-05,0.0242236,0.0638561,0.0534162,0.0304545,0.0215981,0.0183888,0.0165311,0.0153414,0.0128236,0.0197695,0.0202877,0.0111704,0.00387699,0.000029522,3.55322E-08,3.78722E-11,2.44343E-13,7.14856E-15,5.68708E-16,4.41259E-17,0,0,0,0,0,0,0,0,0,0,0,0,0,0,0,0,0
35,1.097,0.42002,0.311787,0.331489,0,0,0,0,0,0,0,0,0,0,0,0,0,0,0,0,0,0,0,0,0,0,0,0,0,0,0,0,0,0,8.14853E-10,7.63007E-06,0.00529218,0.0199489,0.0630821,0.0542124,0.0307502,0.021091,0.0179799,0.0168128,0.0143121,0.0227309,0.0247023,0.0148813,0.00592343,6.02034E-05,9.26812E-08,1.32509E-10,9.91954E-13,3.18644E-14,2.70883E-15,1.98132E-16,2.514E-18,0,0,0,0,0,0,0,0,0,0,0,0,0,0,0,0
36,1.071,0.408326,0.311822,0.300335,0,0,0,0,0,0,0,0,0,0,0,0,0,0,0,0,0,0,0,0,0,0,0,0,0,0,0,0,0,0,2.12773E-10,2.45821E-06,0.00147615,0.00415947,0.0198263,0.0639178,0.0546685,0.0299486,0.0206904,0.0183317,0.0157103,0.0256042,0.0293359,0.0192524,0.0087794,0.000118489,2.66051E-07,4.46633E-10,3.88031E-12,1.36943E-13,1.24651E-14,9.72088E-16,1.91904E-17,0,0,0,0,0,0,0,0,0,0,0,0,0,0,0,0
37,1.045,0.396838,0.311891,0.266733,0,0,0,0,0,0,0,0,0,0,0,0,0,0,0,0,0,0,0,0,0,0,0,0,0,0,0,0,0,0,5.3036E-11,7.68065E-07,0.000486707,0.00107953,0.00411557,0.0200068,0.0647886,0.0535874,0.0296958,0.0212618,0.0171944,0.0283693,0.0341037,0.0242853,0.0126875,0.000226798,6.9397E-07,1.46658E-09,1.48047E-11,5.74372E-13,5.60303E-14,4.71704E-15,6.47634E-17,1.91428E-18,0,0,0,0,0,0,0,0,0,0,0,0,0,0,0
38,1.02,0.387957,0.311979,0.239285,0,0,0,0,0,0,0,0,0,0,0,0,0,0,0,0,0,0,0,0,0,0,0,0,0,0,0,0,0,0,1.2973E-11,2.37987E-07,0.000169843,0.000357994,0.00109946,0.00426897,0.0208724,0.0639669,0.0528265,0.0306018,0.020051,0.0311432,0.038743,0.0297361,0.0177245,0.000415118,1.67751E-06,4.53741E-09,5.30302E-11,2.25668E-12,2.3555E-13,2.13345E-14,3.44772E-16,6.12137E-18,0,0,0,0,0,0,0,0,0,0,0,0,0,0,0
39,0.996,0.38171,0.312072,0.219356,0,0,0,0,0,0,0,0,0,0,0,0,0,0,0,0,0,0,0,0,0,0,0,0,0,0,0,0,0,0,3.19621E-12,7.45284E-08,6.09215E-05,0.000130561,0.000380238,0.00119646,0.00469237,0.0214311,0.0630508,0.0536766,0.0288344,0.0355271,0.0431113,0.0353562,0.0238967,0.000723127,3.83533E-06,0,1.76452E-10,8.2124E-12,9.15405E-13,8.90322E-14,1.61635E-15,1.77872E-17,0,0,0,0,0,0,0,0,0,0,0,0,0,0,0
40,0.972,0.377343,0.312166,0.205022,0,0,0,0,0,0,0,0,0,0,0,0,0,0,0,0,0,0,0,0,0,0,0,0,0,0,0,0,0,0,7.70418E-13,2.29666E-08,2.17576E-05,4.79918E-05,0.000140833,0.000419881,0.00133072,0.00491736,0.021261,0.0639086,0.0507553,0.0479496,0.0476596,0.0411164,0.0314086,0.00121966,8.42448E-06,8.57786E-09,5.65946E-10,2.88093E-11,3.43015E-12,3.58495E-13,7.24629E-15,7.63501E-17,0,0,0,0,0,0,0,0,0,0,0,0,0,0,0
41,0.95,0.374358,0.312255,0.194994,0,0,0,0,0,0,0,0,0,0,0,0,0,0,0,0,0,0,0,0,0,0,0,0,0,0,0,0,0,0,1.88733E-13,7.19934E-09,7.95908E-06,1.81275E-05,5.41738E-05,0.000162604,0.000486294,0.00145594,0.005161,0.0229356,0.0609453,0.0780984,0.0544414,0.0466291,0.0398908,0.00195146,1.72773E-05,3.88574E-08,1.65545E-09,9.16817E-11,1.16161E-11,1.29946E-12,2.90107E-14,3.833E-16,0,0,0,0,0,0,0,0,0,0,0,0,0,0,0
42,0.91,0.371583,0.312392,0.185367,0,0,0,0,0,0,0,0,0,0,0,0,0,0,0,0,0,0,0,0,0,0,0,0,0,0,0,0,0,0,2.5101E-14,1.32362E-09,1.82127E-06,4.35207E-06,1.33991E-05,4.12696E-05,0.000124948,0.000352161,0.000990264,0.00337433,0.0121624,0.0894633,0.091352,0.0551602,0.0554408,0.00385939,5.08826E-05,1.75301E-07,6.14856E-09,0,7.86989E-11,9.89377E-12,2.62452E-13,4.04489E-15,5.16788E-18,0,0,0,0,0,0,0,0,0,0,0,0,0,0
43,0.85,0.369488,0.312612,0.177613,0,0,0,0,0,0,0,0,0,0,0,0,0,0,0,0,0,0,0,0,0,0,0,0,0,0,0,0,0,0,8.24096E-16,7.37415E-11,1.48509E-07,3.87136E-07,1.2622E-06,4.09873E-06,1.30201E-05,3.79753E-05,0.000104162,0.000290723,0.000734911,0.00791877,0.108976,0.0975755,0.0864267,0.0102731,0.000253653,1.60363E-06,4.70844E-08,6.18866E-09,6.95394E-09,0,7.82815E-12,1.62401E-13,3.30418E-16,0,0,0,0,0,0,0,0,0,0,0,0,0,0
44,0.78,0.369661,0.312881,0.177188,0,0,0,0,0,0,0,0,0,0,0,0,0,0,0,0,0,0,0,0,0,0,0,0,0,0,0,0,0,0,1.86305E-17,1.34826E-12,4.72502E-09,1.40073E-08,4.99674E-08,1.76764E-07,6.09277E-07,1.91535E-06,5.61363E-06,1.64816E-05,4.13635E-05,0.000314206,0.00641222,0.118435,0.158469,0.0277401,0.00142376,1.88262E-05,8.21191E-07,8.10869E-08,1.57641E-08,4.96901E-09,0,1.12043E-11,3.76637E-14,2.59673E-17,0,0,0,0,0,0,0,0,0,0,0,0,0
45,0.625,0.377207,0.313475,0.200913,0,0,0,0,0,0,0,0,0,0,0,0,0,0,0,0,0,0,0,0,0,0,0,0,0,0,0,0,0,0,0,4.77024E-16,3.42317E-12,1.21581E-11,4.97398E-11,2.01584E-10,7.96029E-10,2.85511E-09,9.48856E-09,3.1486E-08,8.84946E-08,7.89772E-07,1.42033E-05,0.00039632,0.143869,0.141515,0.0257989,0.00164795,0.000184548,3.37408E-05,1.06198E-05,3.32667E-06,3.29023E-07,2.11199E-08,2.79611E-10,1.98034E-12,7.97559E-16,1.62353E-17,0,0,0,0,0,0,0,0,0,0,0
46,0.5,0.392398,0.313993,0.251231,0,0,0,0,0,0,0,0,0,0,0,0,0,0,0,0,0,0,0,0,0,0,0,0,0,0,0,0,0,0,0,9.9524E-20,1.90599E-16,7.95805E-16,4.44625E-15,2.4031E-14,1.2562E-13,5.9035E-13,2.53494E-12,1.07943E-11,3.82202E-11,4.85378E-10,1.4905E-08,6.12465E-07,0.00124943,0.155741,0.129127,0.0205409,0.00478933,0.00144372,0.000679434,0.000344807,6.68276E-05,9.11404E-06,2.64546E-07,2.30173E-09,1.47745E-12,1.80323E-13,6.65522E-15,4.9857E-16,4.95739E-17,6.09937E-18,0,0,0,0,0,0,0
47,0.4,0.419208,0.314442,0.3404,0,0,0,0,0,0,0,0,0,0,0,0,0,0,0,0,0,0,0,0,0,0,0,0,0,0,0,0,0,0,0,0,0,1.13514E-18,7.06923E-19,0,9.3995E-18,5.65515E-17,3.19001E-16,1.78271E-15,8.09126E-15,1.53036E-13,8.80064E-12,7.51715E-10,5.4467E-06,0.00308806,0.165879,0.0900568,0.0273197,0.0119467,0.007726,0.00587182,0.00198991,0.000520033,3.72185E-05,9.12188E-07,4.36654E-09,1.2043E-10,5.94628E-12,0,9.01095E-13,2.9759E-14,2.29929E-15,3.07224E-16,3.76914E-17,4.26515E-18,0,0,0
48,0.35,0.449649,0.3147,0.439438,0,0,0,0,0,0,0,0,0,0,0,0,0,0,0,0,0,0,0,0,0,0,0,0,0,0,0,0,0,0,0,0,0,0,0,0,0,0,1.41599E-19,2.57219E-18,5.29407E-18,8.84125E-17,1.00815E-14,1.80068E-12,6.3028E-08,8.89858E-05,0.0163155,0.148554,0.0717177,0.0270885,0.0201031,0.0187963,0.00850218,0.00315309,0.000364723,1.55457E-05,1.41634E-07,5.61062E-09,4.24446E-10,5.60776E-11,7.4807E-12,4.66209E-13,2.40603E-13,5.63861E-13,6.61961E-15,6.00703E-16,3.83505E-17,0,0
49,0.32,0.478312,0.314846,0.529838,0,0,0,0,0,0,0,0,0,0,0,0,0,0,0,0,0,0,0,0,0,0,0,0,0,0,0,0,0,0,0,0,0,0,0,0,0,0,0,0,0,6.06632E-18,1.14977E-16,3.28248E-14,2.95011E-09,8.67191E-06,0.00206858,0.0299773,0.123825,0.0617107,0.0343779,0.0342602,0.0185325,0.00863509,0.00136541,8.34591E-05,1.14972E-06,5.80739E-08,5.23506E-09,7.95833E-10,1.2274E-10,1.38865E-11,1.44288E-12,2.87662E-13,1.13642E-13,0,1.20184E-15,3.83972E-17,3.06691E-19
50,0.3,0.498178,0.314924,0.590128,0,0,0,0,0,0,0,0,0,0,0,0,0,0,0,0,0,0,0,0,0,0,0,0,0,0,0,0,0,0,0,0,0,0,0,0,0,0,0,0,0,0,1.23229E-17,1.9923E-15,3.33953E-10,1.61854E-06,0.000560076,0.00701017,0.038211,0.101115,0.0690672,0.0503945,0.0292465,0.0159331,0.00313299,0.000247131,4.55949E-06,2.7374E-07,2.79529E-08,4.68776E-09,7.96332E-10,9.90657E-11,1.1148E-11,1.99072E-12,2.24919E-13,8.54751E-14,2.02024E-13,4.98495E-16,5.60235E-18
51,0.28,0.509667,0.31498,0.622656,0,0,0,0,0,0,0,0,0,0,0,0,0,0,0,0,0,0,0,0,0,0,0,0,0,0,0,0,0,0,0,0,0,0,0,0,0,0,0,0,0,0,3.36709E-18,1.68886E-16,5.09008E-11,3.68864E-07,0.0001754,0.00251931,0.0103078,0.0334486,0.104098,0.0901152,0.0417034,0.0258138,0.0061669,0.000614887,1.48934E-05,1.05367E-06,1.21265E-07,2.23627E-08,4.1734E-09,5.73743E-10,7.10202E-11,1.42951E-11,2.32797E-12,1.6571E-13,8.2581E-14,1.8187E-14,5.9857E-17
52,0.25,0.511199,0.315065,0.622583,0,0,0,0,0,0,0,0,0,0,0,0,0,0,0,0,0,0,0,0,0,0,0,0,0,0,0,0,0,0,0,0,0,0,0,0,0,0,0,0,0,0,0,3.96035E-18,4.21235E-12,4.9454E-08,3.52172E-05,0.000622296,0.00271378,0.00644728,0.0238089,0.135939,0.0832683,0.0459488,0.0142327,0.00197044,7.02364E-05,6.30559E-06,8.64806E-07,1.83561E-07,3.94106E-08,6.28768E-09,8.92826E-10,2.02116E-10,3.69213E-11,5.04129E-12,4.50278E-13,4.52756E-15,1.3006E-14
53,0.22,0.502945,0.315208,0.594765,0,0,0,0,0,0,0,0,0,0,0,0,0,0,0,0,0,0,0,0,0,0,0,0,0,0,0,0,0,0,0,0,0,0,0,0,0,0,0,0,0,0,0,3.58031E-18,1.43403E-13,3.299E-09,4.10788E-06,9.68849E-05,0.000505265,0.00128784,0.00379211,0.0286631,0.142271,0.0993786,0.0324073,0.00640683,0.000345945,4.02111E-05,6.67155E-06,1.65064E-06,4.12953E-07,7.74547E-08,1.27623E-08,3.27799E-09,6.86973E-10,1.09668E-10,1.18511E-11,6.87258E-13,0
54,0.18,0.498682,0.315457,0.585174,0,0,0,0,0,0,0,0,0,0,0,0,0,0,0,0,0,0,0,0,0,0,0,0,0,0,0,0,0,0,0,0,0,0,0,0,0,0,0,0,0,0,0,0,1.97866E-15,9.61134E-11,2.2933E-07,7.67553E-06,5.02921E-05,0.000149877,0.000501425,0.0033785,0.0212321,0.17134,0.092459,0.0236912,0.00217951,0.000357584,7.68051E-05,2.34652E-05,7.25988E-06,1.70561E-06,3.45696E-07,1.06047E-07,2.70025E-08,5.35528E-09,7.41529E-10,5.7565E-11,1.38522E-12
55,0.14,0.511471,0.315801,0.634231,0,0,0,0,0,0,0,0,0,0,0,0,0,0,0,0,0,0,0,0,0,0,0,0,0,0,0,0,0,0,0,0,0,0,0,0,0,0,0,0,0,0,0,0,0,7.19959E-13,4.23572E-09,2.29125E-07,2.05227E-06,7.60553E-06,3.09143E-05,0.000270068,0.0017866,0.0238649,0.184289,0.0895867,0.0118988,0.00280069,0.000791794,0.000303845,0.000118507,3.55873E-05,9.03399E-06,3.36902E-06,1.06323E-06,2.68014E-07,4.88377E-08,5.25771E-09,1.93251E-10
56,0.1,0.545659,0.316263,0.755007,0,0,0,0,0,0,0,0,0,0,0,0,0,0,0,0,0,0,0,0,0,0,0,0,0,0,0,0,0,0,0,0,0,0,0,0,0,0,0,0,0,0,0,0,0,1.73183E-15,2.86942E-11,2.69938E-09,3.46726E-08,1.65821E-07,8.51981E-07,1.03346E-05,0.000097627,0.00168993,0.0247683,0.201014,0.0604104,0.0166001,0.00620523,0.00302784,0.00151409,0.000592638,0.000191941,0.000088752,0.000035528,1.17002E-05,2.90108E-06,4.51881E-07,2.6697E-08
57,0.08,0.585071,0.316705,0.891382,0,0,0,0,0,0,0,0,0,0,0,0,0,0,0,0,0,0,0,0,0,0,0,0,0,0,0,0,0,0,0,0,0,0,0,0,0,0,0,0,0,0,0,0,0,2.53692E-17,1.17033E-13,2.09554E-11,4.06988E-10,2.60679E-09,1.75835E-08,3.13883E-07,4.4917E-06,0.00013247,0.00280235,0.0514921,0.160666,0.0590949,0.0199661,0.011068,0.00642881,0.00295174,0.00110579,0.000581889,0.000268634,0.000103796,3.09214E-05,5.99851E-06,4.68989E-07
58,0.067,0.619618,0.317079,1.00968,0,0,0,0,0,0,0,0,0,0,0,0,0,0,0,0,0,0,0,0,0,0,0,0,0,0,0,0,0,0,0,0,0,0,0,0,0,0,0,0,0,0,0,0,0,0,3.1457E-15,8.19421E-13,2.02924E-11,1.54486E-10,1.22795E-09,2.78159E-08,5.15361E-07,2.14535E-05,0.000651097,0.0139622,0.0583588,0.134856,0.0552937,0.0246295,0.0150624,0.00769532,0.00318894,0.00183858,0.000939687,0.000407339,0.000138635,3.15764E-05,3.03331E-06
59,0.058,0.650422,0.31742,1.11442,0,0,0,0,0,0,0,0,0,0,0,0,0,0,0,0,0,0,0,0,0,0,0,0,0,0,0,0,0,0,0,0,0,0,0,0,0,0,0,0,0,0,0,0,0,0,2.18936E-16,6.81683E-14,2.01326E-12,1.73618E-11,1.55534E-10,4.19857E-09,9.41039E-08,5.07137E-06,0.000202586,0.00574397,0.0216919,0.0608877,0.112868,0.0591947,0.0280475,0.0145752,0.00647631,0.0039904,0.00219773,0.00103745,0.00039004,0.00010026,1.12611E-05
60,0.05,0.681018,0.317767,1.21787,0,0,0,0,0,0,0,0,0,0,0,0,0,0,0,0,0,0,0,0,0,0,0,0,0,0,0,0,0,0,0,0,0,0,0,0,0,0,0,0,0,0,0,0,0,0,1.66528E-18,8.43325E-15,2.84566E-13,2.7071E-12,2.66677E-11,8.28581E-10,2.16473E-08,1.44056E-06,7.22803E-05,0.00260591,0.0111794,0.0252071,0.0550732,0.109925,0.0622344,0.0251861,0.0112886,0.00733126,0.00429925,0.00218203,0.000893624,0.000255181,3.28879E-05
61,0.042,0.717408,0.318203,1.34004,0,0,0,0,0,0,0,0,0,0,0,0,0,0,0,0,0,0,0,0,0,0,0,0,0,0,0,0,0,0,0,0,0,0,0,0,0,0,0,0,0,0,0,0,0,0,1.68415E-16,8.31409E-16,3.74308E-14,3.93133E-13,4.25366E-12,1.52049E-10,4.62883E-09,3.80937E-07,2.40952E-05,0.00111377,0.00555006,0.0131736,0.0222946,0.0532364,0.116534,0.0577081,0.0202665,0.0130798,0.00810844,0.00442113,0.00197259,0.000626512,9.29261E-05
62,0.035,0.760892,0.318758,1.4849,0,0,0,0,0,0,0,0,0,0,0,0,0,0,0,0,0,0,0,0,0,0,0,0,0,0,0,0,0,0,0,0,0,0,0,0,0,0,0,0,0,0,0,0,0,0,0,3.71864E-17,4.36125E-15,4.95334E-14,5.927E-13,2.45878E-11,8.79982E-10,9.07108E-08,7.33393E-06,0.000441865,0.00258286,0.00682162,0.01174,0.0218255,0.0585539,0.113492,0.049317,0.0248082,0.0147804,0.00854447,0.00413797,0.00145672,0.00024775
63,0.03,0.805327,0.319367,1.63171,0,0,0,0,0,0,0,0,0,0,0,0,0,0,0,0,0,0,0,0,0,0,0,0,0,0,0,0,0,0,0,0,0,0,0,0,0,0,0,0,0,0,0,0,0,0,0,9.34334E-18,6.07516E-16,7.17339E-15,9.58425E-14,4.55692E-12,1.8925E-10,2.39968E-08,2.42997E-06,0.000186786,0.00126291,0.00368966,0.00680851,0.0127645,0.0268229,0.0644533,0.0951466,0.0565196,0.0261615,0.0146052,0.00751584,0.0028793,0.000548429
64,0.025,0.853227,0.320078,1.78886,0,0,0,0,0,0,0,0,0,0,0,0,0,0,0,0,0,0,0,0,0,0,0,0,0,0,0,0,0,0,0,0,0,0,0,0,0,0,0,0,0,0,0,0,0,0,0,2.06527E-17,1.27468E-17,1.38724E-15,1.86651E-14,9.98487E-13,4.7047E-11,7.1249E-09,8.77091E-07,8.35943E-05,0.000643224,0.00205893,0.00406032,0.00802327,0.0167489,0.0313653,0.054793,0.101377,0.0570649,0.0248325,0.0126855,0.00523388,0.00110656
65,0.02,0.916014,0.321094,1.99338,0,0,0,0,0,0,0,0,0,0,0,0,0,0,0,0,0,0,0,0,0,0,0,0,0,0,0,0,0,0,0,0,0,0,0,0,0,0,0,0,0,0,0,0,0,0,0,0,0,2.27029E-16,3.04712E-15,1.82371E-13,9.86156E-12,1.81456E-09,2.76858E-07,3.34702E-05,0.000297011,0.00105252,0.0022367,0.00470603,0.0103844,0.0186782,0.0253519,0.057203,0.109133,0.0571963,0.0227801,0.00974276,0.00229828
66,0.015,1.00375,0.322681,2.27728,0,0,0,0,0,0,0,0,0,0,0,0,0,0,0,0,0,0,0,0,0,0,0,0,0,0,0,0,0,0,0,0,0,0,0,0,0,0,0,0,0,0,0,0,0,0,0,0,7.01845E-17,0,3.84443E-16,2.63733E-14,1.65382E-12,3.78125E-10,7.33284E-08,1.15815E-05,0.000120581,0.00047939,0.00110939,0.00250961,0.00594925,0.0113439,0.0148579,0.0261262,0.0602899,0.119221,0.0564231,0.0192459,0.00499343
67,0.01,1.13938,0.325524,2.71437,0,0,0,0,0,0,0,0,0,0,0,0,0,0,0,0,0,0,0,0,0,0,0,0,0,0,0,0,0,0,0,0,0,0,0,0,0,0,0,0,0,0,0,0,0,0,0,0,0,9.7831E-17,0,2.96823E-15,2.03957E-13,5.97259E-11,1.52423E-08,3.27577E-06,4.09766E-05,0.000186118,0.000475783,0.00117242,0.00302793,0.00626675,0.00872075,0.015209,0.0273362,0.0646954,0.13325,0.0533502,0.0117889
68,0.005,1.39322,0.332154,3.53092,0,0,0,0,0,0,0,0,0,0,0,0,0,0,0,0,0,0,0,0,0,0,0,0,0,0,0,0,0,0,0,0,0,0,0,0,0,0,0,0,0,0,0,0,0,0,0,0,0,0,1.88464E-16,0,1.6465E-14,6.24345E-12,2.20984E-09,6.87141E-07,0.000010705,0.000057088,0.000164701,0.000450863,0.00129511,0.00297096,0.00449915,0.00844981,0.0157266,0.0296014,0.072572,0.155132,0.0412225
69,0.00001,2.13761,0.362169,5.90359,0,0,0,0,0,0,0,0,0,0,0,0,0,0,0,0,0,0,0,0,0,0,0,0,0,0,0,0,0,0,0,0,0,0,0,0,0,0,0,0,0,0,0,0,0,0,0,0,0,0,0,5.05311E-16,0,3.529E-13,1.89674E-10,9.47998E-08,1.95448E-06,1.28063E-05,4.31987E-05,0.000135692,0.000448579,0.00117994,0.00200118,0.00417179,0.00866285,0.0179133,0.0371156,0.099551,0.190931
